cluster,size,label,label_share,top_category,top_purity,terms
0,304,Milk chocolates,0.095,snacks,0.77,"['chocolates', 'chocolate', 'cocoa', 'dark', 'filled']"
1,131,Honeys,0.336,breakfasts,0.992,"['honeys', 'miel', 'flower', 'sweeteners', 'fleurs']"
2,380,Salami,0.15,meats-and-their-products,0.924,"['meats', 'sausages', 'prepared', 'salami', 'hams']"
3,282,Beers,0.326,beverages,0.741,"['beers', 'beverages', 'alcoholic', 'craft', 'naknada']"
4,137,Hand creams,0.321,body,0.715,"['creams', 'body', 'hand', 'sour', 'mains']"
5,233,Wet cat food,0.356,dog-and-cat-food,0.571,"['cat', 'wet', 'pet', 'dry', 'adult']"
6,105,Dietary supplements,0.657,dietary-supplements,0.905,"['dietary', 'supplements', 'vitamins', 'supplement', 'vitamin']"
7,288,Biscuits,0.247,snacks,0.99,"['biscuits', 'cakes', 'crackers', 'wafers', 'appetizers']"
8,329,Cheeses,0.182,dairies,0.793,"['milks', 'cheeses', 'fermented', 'cow', 'uht']"
9,222,Salted-snacks,0.559,salted-snacks,0.563,"['snacks', 'salted', 'salty', 'appetizers', 'peanuts']"
10,109,Hair care,0.101,hair,0.89,"['hair', 'shampoos', 'shampoo', 'shampooing', 'anti']"
11,142,Sandwiches,0.148,sandwiches,0.901,"['sandwiches', 'sandwich', 'ham', 'pain', 'mie']"
12,479,Mashed vegetables,0.021,plant-based-foods-and-beverages,0.547,"['juices', 'fruit', 'nectars', 'jams', 'concentrate']"
13,148,Canned meats,0.162,canned-foods,0.561,"['canned', 'meats', 'meals', 'carne', 'vegetables']"
14,303,Sweetened beverages,0.432,beverages-and-beverages-preparations,0.541,"['beverages', 'sweetened', 'sodas', 'cola', 'carbonated']"
15,194,Cosmetic-products,0.871,cosmetic-products,0.995,"['cosmetic', 'soap', 'wash', 'listerine', 'dove']"
16,85,Whole foies gras,0.376,fish-and-meat-and-eggs,0.976,"['gras', 'foies', 'ducks', 'foie', 'whole']"
17,169,Yogurts,0.29,dairies,0.781,"['yogurts', 'dairy', 'desserts', 'fermented', 'jogurt']"
18,81,Frozen pizzas,0.506,frozen-foods,0.852,"['pizzas', 'frozen', 'pies', 'pizza', 'margherita']"
19,166,Candies,0.133,snacks,0.988,"['candies', 'bars', 'chocolate', 'confectioneries', 'bonbons']"
20,50,Cooking helpers,0.34,cooking-helpers,0.98,"['helpers', 'cooking', 'pastry', 'fondants', 'sucre']"
21,103,Cocoa and hazelnuts spreads,0.573,breakfasts,0.951,"['spreads', 'hazelnuts', 'hazelnut', 'chocolate', 'cocoa']"
22,195,Microwave meals,0.108,meals,0.415,"['meals', 'microwave', 'dishes', 'meat', 'chicken']"
23,90,Tuna in olive oil,0.189,seafood,0.756,"['tunas', 'sardines', 'olive', 'virgin', 'oils']"
24,188,Protein bars,0.394,dietary-supplements,0.83,"['supplements', 'bodybuilding', 'protein', 'bars', 'dietary']"
25,287,Rolled oats,0.08,plant-based-foods-and-beverages,0.941,"['cereals', 'flakes', 'breads', 'rolled', 'cereal']"
26,296,Dog food,0.368,pet-food,0.595,"['dog', 'pet', 'dry', 'jack', 'wet']"
27,81,Baking-decorations,0.963,baking-decorations,1.0,"['decorations', 'baking', 'chocolate', 'chips', 'sprinkles']"
28,56,Lip balms,0.786,lip-balms,0.75,"['lip', 'balms', 'balm', 'cosmetics', 'lèvres']"
29,231,Eggs,0.212,farming-products,0.766,"['eggs', 'chicken', 'air', 'œufs', 'poules']"
30,78,Sunscreen,0.731,suncare,0.974,"['sunscreen', 'sun', 'suncare', 'spf', 'nivea']"
31,231,Lards,0.095,meat-alternatives,0.463,"['meat', 'alternatives', 'patties', 'pates', 'fats']"
32,93,Deodorants,0.204,hygiene,0.495,"['toilette', 'eau', 'hygiene', 'men', 'roll']"
33,123,From 6 months,0.146,baby-foods,0.911,"['months', 'babies', 'baby', 'from', 'dish']"
34,208,Mayonnaises,0.207,condiments,0.938,"['sauces', 'condiments', 'mayonnaises', 'mustards', 'sauce']"
35,217,Cat food,0.618,dog-and-cat-food,0.544,"['cat', 'dog', 'pet', 'adult', 'aliment']"
36,65,Plain buckwheat crepes,0.431,crepes-and-galettes,0.923,"['crepes', 'galettes', 'buckwheat', 'crêpes', 'plain']"
37,87,Ketchup,0.529,condiments,0.977,"['ketchup', 'sauces', 'tomato', 'groceries', 'heinz']"
38,121,Shampoos,1.0,shampoos,0.595,"['shampoos', 'shampoo', 'hair', 'shampooing', 'solide']"
39,98,Toothpaste,0.541,toothpaste,0.551,"['dentifrice', 'hygiene', 'colgate', 'unilever', 'protection']"
40,297,Canned tunas,0.108,seafood,0.906,"['fishes', 'tunas', 'canned', 'salmons', 'fillets']"
41,187,Ice creams,0.578,desserts,0.968,"['ice', 'creams', 'sorbets', 'frozen', 'desserts']"
42,224,Groceries,0.982,condiments,0.701,"['groceries', 'sauces', 'mustards', 'mayonnaises', 'bouillon']"
43,202,Salted spreads,0.173,spreads,0.431,"['spreads', 'salted', 'spreadable', 'fats', 'jams']"
44,75,Natural mineral waters,0.333,beverages,0.533,"['waters', 'mineral', 'spring', 'carbonated', 'beverages']"
45,101,Pizzas,0.238,sweet-pies,0.505,"['pies', 'pizzas', 'tarte', 'quiches', 'pizza']"
46,270,Sugars,0.111,sweeteners,0.589,"['sugars', 'syrups', 'sweeteners', 'yeast', 'simple']"
47,185,Almond-based drinks,0.108,beverages-and-beverages-preparations,0.562,"['based', 'drinks', 'plant', 'alternatives', 'beverages']"
48,193,Italian pasta,0.057,plant-based-foods-and-beverages,0.451,"['durum', 'pasta', 'spaghetti', 'wheat', 'pastas']"
49,168,Shower gels,0.262,hygiene,0.673,"['soaps', 'gels', 'shower', 'wipes', 'hygiene']"
50,69,Makeup,0.188,makeup,0.913,"['makeup', 'nail', 'eyes', 'face', 'polish']"
51,70,Crisps,0.329,snacks,0.643,"['crisps', 'chips', 'fries', 'potato', 'appetizers']"
52,115,Soups,0.304,meals,0.922,"['soups', 'meals', 'salads', 'dishes', 'sushi']"
53,114,Dehydrated soups,0.404,dried-products,0.412,"['dehydrated', 'soups', 'dried', 'supa', 'bouillon']"
54,94,Puddings,0.617,desserts,0.872,"['puddings', 'desserts', 'puding', 'pudding', 'oetker']"
55,105,Cocoa powders,0.514,cocoa-and-its-products,0.676,"['powders', 'cocoa', 'its', 'chocolate', 'capsules']"
56,104,Face lotions,0.106,face,0.798,"['face', 'facial', 'cleansers', 'serum', 'creams']"
57,155,Frozen ready-made meals,0.155,frozen-foods,0.568,"['frozen', 'meals', 'ready', 'desserts', 'foods']"
58,51,Mixes for jelly desserts,0.49,cooking-helpers,1.0,"['mixes', 'dessert', 'jelly', 'helpers', 'desserts']"
59,36,Potato crisps in sunflower oil,0.389,plant-based-foods-and-beverages,0.972,"['crisps', 'potato', 'sunflower', 'seeds', 'roasted']"
