k,silhouette,davies_bouldin,stability_ari,nmi_top,nmi_leaf,fit_s
10,0.1231,3.3909,0.5547,0.5328,0.4701,0.2692
15,0.1564,3.171,0.6171,0.5966,0.5493,0.3514
20,0.1556,2.945,0.5535,0.6444,0.5887,0.4321
25,0.1751,2.8419,0.5315,0.6352,0.6309,0.5293
30,0.1809,2.6401,0.5598,0.6599,0.6356,0.6063
35,0.2062,2.4797,0.5407,0.6671,0.6483,0.7204
40,0.2223,2.4274,0.5438,0.6822,0.682,0.7749
45,0.2276,2.3015,0.5515,0.6987,0.6942,0.8926
50,0.2574,2.2542,0.5939,0.6996,0.7087,0.9955
55,0.261,2.3234,0.6098,0.7009,0.7206,1.0891
60,0.279,2.2042,0.618,0.724,0.7264,1.1789
