corpus_id,value,format,provider,endpoint,utc,http_status,provider_code,outcome,content_type,elapsed_ms,returned_codes,has_name,has_brand,has_category,has_description,has_tags,has_language,has_freshness,product_type,redirect,rate_headers,notes,sha256
P01,42070047,EAN_8,open_food_facts,https://world.openfoodfacts.org/api/v3/product/42070047,2026-10-06T11:20:30+00:00,200,product_found,KNOWN,application/json; charset=utf-8,201,42070047,True,True,True,False,False,True,True,food,,,,91df9cad095b67bdc4854d1daf0c0de9d295c429d044232bf8ff9ea4fa60afd6
P02,04963406,UPC_E,open_food_facts,https://world.openfoodfacts.org/api/v3/product/04963406,2026-10-06T11:20:41+00:00,200,product_found,KNOWN,application/json; charset=utf-8,141,04963406,True,True,True,False,True,True,True,food,,,,45cf776932f482b33cc529350302403c91599bfc42c846480d23eaa2c578ee05
P03,3017620422003,EAN_13,open_food_facts,https://world.openfoodfacts.org/api/v3/product/3017620422003,2026-10-06T11:20:52+00:00,200,product_found,KNOWN,application/json; charset=utf-8,152,3017620422003,True,True,True,True,True,True,True,food,,,,22c72ab55024c31c81880aac57c23224fc5c982828a83d0f7f3e5ed7a6a15aa6
P04,3850334341389,EAN_13,open_food_facts,https://world.openfoodfacts.org/api/v3/product/3850334341389,2026-10-06T11:21:03+00:00,200,product_found,KNOWN,application/json; charset=utf-8,167,3850334341389,True,True,True,False,False,True,True,food,,,,f23ddfb44ac243a0925c5bc283b1b7a82fdcadc5c4cfb110ace8a62b7bd04301
P05,5000112519945,EAN_13,open_food_facts,https://world.openfoodfacts.org/api/v3/product/5000112519945,2026-10-06T11:21:15+00:00,200,product_found,KNOWN,application/json; charset=utf-8,146,5000112519945,True,True,True,False,True,True,True,food,,,,00dae18a7b42c240afe4c78ed02cd3dc78d8ea3175b16c27c0023b117e2e4dec
P06,069000019832,UPC_A,open_food_facts,https://world.openfoodfacts.org/api/v3/product/069000019832,2026-10-06T11:21:26+00:00,200,product_found,KNOWN,application/json; charset=utf-8,128,0069000019832,True,True,True,False,True,True,True,food,,,,d73083da25409bf7e0a1aeec30946324e51d83707a6096669aa05c30605b0004
P07,069055838150,UPC_A,open_food_facts,https://world.openfoodfacts.org/api/v3/product/069055838150,2026-10-06T11:21:37+00:00,404,product_not_found,UNKNOWN,application/json; charset=utf-8,177,,,,,,,,,,,,,01840b12c120d211b97b6d8e7cb2b80d0b564464bd34e4b3a98da62cd536d96a
P08,033287135141,UPC_A,open_food_facts,https://world.openfoodfacts.org/api/v3/product/033287135141,2026-10-06T11:21:48+00:00,404,product_not_found,UNKNOWN,application/json; charset=utf-8,153,,,,,,,,,,,,,9c46434c92f86c4608cb6c51316226c60dd4f43ef7b7fc8929a6181249a43f4d
P09,883929540969,UPC_A,open_food_facts,https://world.openfoodfacts.org/api/v3/product/883929540969,2026-10-06T11:21:59+00:00,404,product_not_found,UNKNOWN,application/json; charset=utf-8,155,,,,,,,,,,,,,bc49c5d807507b79c58d096935446933f027e773306ee97c73aa43fd27ff7b6e
P10,792692000115,UPC_A,open_food_facts,https://world.openfoodfacts.org/api/v3/product/792692000115,2026-10-06T11:22:10+00:00,404,product_not_found,UNKNOWN,application/json; charset=utf-8,138,,,,,,,,,,,,,711e26d24883806da2449c4699a0a73b41ea255a38fdac5b4fa6c65210f371ce
P11,717489740753,UPC_A,open_food_facts,https://world.openfoodfacts.org/api/v3/product/717489740753,2026-10-06T11:22:21+00:00,404,product_not_found,UNKNOWN,application/json; charset=utf-8,173,,,,,,,,,,,,,72171814a4432bf5a063350d78bf49e9784090a410a4156d750c9b529e3b33e5
P12,842885098716,UPC_A,open_food_facts,https://world.openfoodfacts.org/api/v3/product/842885098716,2026-10-06T11:22:33+00:00,200,product_found,KNOWN,application/json; charset=utf-8,132,0842885098716,True,True,True,False,False,True,True,food,,,,60e967ea3f430ee3e5f220bf5c6d70338b3f0e4bc56815dc6ea169e4cd272d55
U01,9999999999994,EAN_13,open_food_facts,https://world.openfoodfacts.org/api/v3/product/9999999999994,2026-10-06T11:22:44+00:00,200,product_found,KNOWN,application/json; charset=utf-8,178,9999999999994,True,False,True,False,False,True,True,food,,,,38842b4c2e6c0105e52fb24c22922879855674f50405a6d64c4a18c095ba700d
P01,42070047,EAN_8,upcitemdb,https://api.upcitemdb.com/prod/trial/lookup,2026-10-06T11:22:55+00:00,200,OK,KNOWN,application/json; charset=utf-8,555,0000042070047|000042070047,True,True,True,False,False,False,False,,,X-RateLimit-Limit=100;X-RateLimit-Reset=1791312527;X-RateLimit-Remaining=95,,a16ebf039dcbe1aebd93b9b99dc097465f19b28bdddaab86b723f30b826be5f7
P02,04963406,UPC_E,upcitemdb,https://api.upcitemdb.com/prod/trial/lookup,2026-10-06T11:23:07+00:00,400,INVALID_UPC,UNAVAILABLE,application/json; charset=utf-8,510,,,,,,,,,,,X-RateLimit-Limit=100;X-RateLimit-Reset=1791312527;X-RateLimit-Remaining=94,,d09f48f58f23a05763527533317088aeafd782b1564cb97ae30d04e37b60e424
P03,3017620422003,EAN_13,upcitemdb,https://api.upcitemdb.com/prod/trial/lookup,2026-10-06T11:23:18+00:00,200,OK,UNKNOWN,application/json; charset=utf-8,509,,,,,,,,,,,X-RateLimit-Limit=100;X-RateLimit-Reset=1791312527;X-RateLimit-Remaining=93,,a44482c10ab3b5daf53c9423a4626e4a716b05dedae67545ed194a569d980347
P04,3850334341389,EAN_13,upcitemdb,https://api.upcitemdb.com/prod/trial/lookup,2026-10-06T11:23:30+00:00,200,OK,UNKNOWN,application/json; charset=utf-8,530,,,,,,,,,,,X-RateLimit-Limit=100;X-RateLimit-Reset=1791312527;X-RateLimit-Remaining=92,,a44482c10ab3b5daf53c9423a4626e4a716b05dedae67545ed194a569d980347
P05,5000112519945,EAN_13,upcitemdb,https://api.upcitemdb.com/prod/trial/lookup,2026-10-06T11:23:41+00:00,200,OK,UNKNOWN,application/json; charset=utf-8,529,,,,,,,,,,,X-RateLimit-Limit=100;X-RateLimit-Reset=1791312527;X-RateLimit-Remaining=91,,a44482c10ab3b5daf53c9423a4626e4a716b05dedae67545ed194a569d980347
P06,069000019832,UPC_A,upcitemdb,https://api.upcitemdb.com/prod/trial/lookup,2026-10-06T11:23:53+00:00,200,OK,KNOWN,application/json; charset=utf-8,524,0069000019832|069000019832,True,True,False,True,False,False,False,,,X-RateLimit-Limit=100;X-RateLimit-Reset=1791312527;X-RateLimit-Remaining=90,,b16ec035d9cc60fc0b3ee3164adecf900ef44b27c4fda3ffd696c560c4f05444
P07,069055838150,UPC_A,upcitemdb,https://api.upcitemdb.com/prod/trial/lookup,2026-10-06T11:24:04+00:00,200,OK,KNOWN,application/json; charset=utf-8,543,0069055838150|069055838150,True,True,True,True,False,False,False,,,X-RateLimit-Limit=100;X-RateLimit-Reset=1791312527;X-RateLimit-Remaining=89,,7df39c4349eda2d0fa1717db6eaaf4f98fd5c8b75ae6e6bc37d8d55cb53a0fb3
P08,033287135141,UPC_A,upcitemdb,https://api.upcitemdb.com/prod/trial/lookup,2026-10-06T11:24:16+00:00,200,OK,KNOWN,application/json; charset=utf-8,514,0033287135141|033287135141,True,True,True,True,False,False,False,,,X-RateLimit-Limit=100;X-RateLimit-Reset=1791312527;X-RateLimit-Remaining=88,,a7b3f09d6e385bd71bd05ff9a1657b46946c1300892e76629608902697eefb7c
P09,883929540969,UPC_A,upcitemdb,https://api.upcitemdb.com/prod/trial/lookup,2026-10-06T11:24:27+00:00,200,OK,KNOWN,application/json; charset=utf-8,513,0883929540969|883929540969,True,True,True,True,False,False,False,,,X-RateLimit-Limit=100;X-RateLimit-Reset=1791312527;X-RateLimit-Remaining=87,,ccbd138f96026063ae9089789ce8613fd9d442edaab7c56a3a135d5b55cacbf1
P10,792692000115,UPC_A,upcitemdb,https://api.upcitemdb.com/prod/trial/lookup,2026-10-06T11:24:39+00:00,200,OK,KNOWN,application/json; charset=utf-8,523,0792692000115|792692000115,True,True,True,True,False,False,False,,,X-RateLimit-Limit=100;X-RateLimit-Reset=1791312527;X-RateLimit-Remaining=86,,87fc6117c114280da43cf27d8bd96b624db4b23e0696a011b5b9c2a5fa3dedae
P11,717489740753,UPC_A,upcitemdb,https://api.upcitemdb.com/prod/trial/lookup,2026-10-06T11:24:50+00:00,200,OK,KNOWN,application/json; charset=utf-8,531,0717489740753|717489740753,True,True,True,True,False,False,False,,,X-RateLimit-Limit=100;X-RateLimit-Reset=1791312527;X-RateLimit-Remaining=85,,2b87eb4699d482c438ba9671c9dc7dca8bd8bc8bdd97694681f43c79b6a2fc46
P12,842885098716,UPC_A,upcitemdb,https://api.upcitemdb.com/prod/trial/lookup,2026-10-06T11:25:02+00:00,200,OK,KNOWN,application/json; charset=utf-8,518,0842885098716|842885098716,True,True,True,True,False,False,False,,,X-RateLimit-Limit=100;X-RateLimit-Reset=1791312527;X-RateLimit-Remaining=84,,700584b849f24ab215d95cdcec46c65b72c49fdc95eac4f1974123f66a5ac0d6
U01,9999999999994,EAN_13,upcitemdb,https://api.upcitemdb.com/prod/trial/lookup,2026-10-06T11:25:13+00:00,200,OK,KNOWN,application/json; charset=utf-8,500,9999999999994,True,True,True,True,False,False,False,,,X-RateLimit-Limit=100;X-RateLimit-Reset=1791312527;X-RateLimit-Remaining=83,,557d54a9ceabb791998f3fe015d3c3825c800c3b987f9a241872a722daf2d877
