method,beta,H,ndcg@10
centroid,0.1,3.0,0.7325666700207674
centroid,0.1,5.0,0.7324402832556426
centroid,0.1,10.0,0.731831358439097
centroid,0.1,inf,0.7311811524507802
centroid,0.2,3.0,0.7324149902160014
centroid,0.2,5.0,0.731760845393416
centroid,0.2,10.0,0.731461472771761
centroid,0.2,inf,0.7323743567761619
centroid,0.3,3.0,0.7326976650990691
centroid,0.3,5.0,0.7332336112500815
centroid,0.3,10.0,0.7331521659013709
centroid,0.3,inf,0.7328722707034163
centroid,0.4,3.0,0.7345073173967775
centroid,0.4,5.0,0.7343720619999596
centroid,0.4,10.0,0.7356145407591709
centroid,0.4,inf,0.7360368755940752
centroid,0.5,3.0,0.7324662114249475
centroid,0.5,5.0,0.7328250696966029
centroid,0.5,10.0,0.7331103883769788
centroid,0.5,inf,0.7317711031908375
centroid,0.6,3.0,0.7216478005438334
centroid,0.6,5.0,0.7225169556586949
centroid,0.6,10.0,0.723982256884437
centroid,0.6,inf,0.7228654171665123
multi_interest,0.1,3.0,0.7322029770964875
multi_interest,0.1,5.0,0.7323237997277923
multi_interest,0.1,10.0,0.7323503765786051
multi_interest,0.1,inf,0.7320600301183592
multi_interest,0.2,3.0,0.7329787194009263
multi_interest,0.2,5.0,0.7344646820465107
multi_interest,0.2,10.0,0.7338060057619296
multi_interest,0.2,inf,0.7348215434190213
multi_interest,0.3,3.0,0.7325148069301839
multi_interest,0.3,5.0,0.7353028226033278
multi_interest,0.3,10.0,0.7354843300130445
multi_interest,0.3,inf,0.7348552282787567
multi_interest,0.4,3.0,0.7348941911411281
multi_interest,0.4,5.0,0.7370824597791119
multi_interest,0.4,10.0,0.7373287197103737
multi_interest,0.4,inf,0.7374972573402789
multi_interest,0.5,3.0,0.7288166506003917
multi_interest,0.5,5.0,0.7333849437864622
multi_interest,0.5,10.0,0.7350250820177076
multi_interest,0.5,inf,0.7344945529820559
multi_interest,0.6,3.0,0.7088663277282223
multi_interest,0.6,5.0,0.7163518460099012
multi_interest,0.6,10.0,0.7210578079655963
multi_interest,0.6,inf,0.7221255981919565
